{"type":"header","name":"Header Group","sections":{"announcement-bar":{"type":"announcement-bar","blocks":{"announcement-bar-0":{"type":"announcement","settings":{"text":"<div class=\"message\">\n  MID-SEASON SALE UP TO 70% OFF. <a href=\"\/collections\/all\" alt=\"Shop Now\">SHOP NOW<\/a>\n<\/div>","btn_color":"#cc0e14","btn_border_color":"#2da116","btn_bg_color":"#727272","btn_bg_color_gradient":"linear-gradient(46deg, rgba(52, 133, 236, 1) 13%, rgba(170, 248, 219, 1) 86%)"}}},"block_order":["announcement-bar-0"],"settings":{"enable_announcement":true,"layout":"slider","enable_close":true,"color_text":"#b05d5d","bg_color_text":"#ffe8e8","bg_color_text_gradient":"","font_size_text":12,"font_style_text":"normal","font_weight_text":"500","arrow_active":false,"content_max_width":38,"padding_top":0,"padding_bottom":0}},"header-classic":{"type":"header-classic","blocks":{"a2e4ea2e-73e5-4452-8129-d86dbbae584d":{"type":"logo","settings":{"logo_width":90,"logo_text":"","logo_font_size":30,"logo_font_weight":"900","logo_text_transform":"uppercase","logo_color":"#232323","spacing":5}},"fde2cc21-cbc9-4c9a-ad68-7cc53ec68280":{"type":"service","settings":{"customer_service_text":"<p>Customer Service 091 234-ELLA<\/p>","text_color":"#323232","show_language_currency":true,"language_currency_color":"#323232","show_search":true,"search_color":"#323232","bg_search_color":"#fafafa","search_border_color":"#e7e7e7","search_icon_color":"#323232","spacing":14}},"5939cbc0-a9fd-48e0-adcd-1d945e05dc99":{"type":"text","settings":{"free_shipping_text":"<p>Free shipping on All Orders. No Minimum Purchase<\/p>","text_color":"#232323","spacing":15}},"04e85927-4a9b-4543-93b7-cf1b32370bd4":{"type":"group","settings":{"show_cart":true,"cart_color":"#323232","cart_color_item":"#323232","cart_bg_item":"#ffe5e8","show_wishlist":true,"wishlist_color":"#323232","show_customer":true,"customer_color":"#323232","spacing":0}}},"block_order":["a2e4ea2e-73e5-4452-8129-d86dbbae584d","fde2cc21-cbc9-4c9a-ad68-7cc53ec68280","5939cbc0-a9fd-48e0-adcd-1d945e05dc99","04e85927-4a9b-4543-93b7-cf1b32370bd4"],"settings":{"container":"default","padding_full_width":0,"background":"#ffffff","gradient":"","padding_top":15,"padding_bottom":16}},"9c03747e-b054-4db8-8194-5a35c71f82ca":{"type":"header-navigation-plain","blocks":{"sections--14682829619277__9c03747e-b054-4db8-8194-5a35c71f82ca-1680876693acfad79f-0":{"type":"logo","settings":{"logo_position":"sticky_menu","logo_width":90,"logo_width_fixed":55,"logo_text":"","logo_font_size":20,"logo_font_weight":"900","logo_text_transform":"uppercase","logo_color":"#ffffff"}},"54786c97-e881-45f5-a30a-6fdb552a963e":{"type":"main_menu","settings":{"menu":"main-menu","menu_top_spacing":11,"menu_bottom_spacing":12,"grid_gap_menu_item":20,"alignment":"left","bg_mega_menu":"#ffffff","bg_mega_menu_gradient":"","lv_1_color":"#ffffff","lv_1_color_hover":"#ffffff","lv_2_color":"#232323","lv_2_color_hover":"#232323","lv_3_color":"#3c3c3c","lv_3_color_hover":"#3c3c3c","sale_item_1":"","sale_item_2":"","sale_item_3":"","sale_item_color":"#d12442","label_position":"main_menu","show_label_blink":false,"new_label_1":"","new_label_2":"","new_label_3":"","new_label_color":"#ffffff","new_label_bg":"#bae4ed","new_label_bg_gradient":"","sale_label_1":"","sale_label_2":"","sale_label_3":"","sale_label_color":"#ffffff","sale_label_bg":"#d12442","sale_label_bg_gradient":"","hot_label_1":"","hot_label_2":"","hot_label_3":"","hot_label_color":"#ffffff","hot_label_bg":"#fff993","hot_label_bg_gradient":""}},"sections--14682829619277__9c03747e-b054-4db8-8194-5a35c71f82ca-1680876693acfad79f-2":{"type":"header_icons","settings":{"show_language_currency":false,"show_search":false,"show_customer":false,"show_wishlist":false,"show_cart":false,"text_font_size":14,"show_language_currency_sticky":false,"show_search_sticky":true,"show_customer_sticky":false,"show_wishlist_sticky":false,"show_cart_sticky":true,"header_icons_color":"#ffffff","header_icons_color_hover":"#ffffff","header_icons_border_color":"rgba(0,0,0,0)","header_icons_border_sticky_color":"#232323","cart_count_bubble_color":"#323232","cart_count_bubble_bg":"#ffe5e8","cart_count_bubble_bg_gradient":""}},"d3131109-9329-42fa-bbb5-d25d01fd698b":{"type":"megamenu_style_1","settings":{"layout_block":"custom_width","header_custom_width_size":1200,"item":"new in","column":3,"show_banner_1":true,"banner_1":"shopify:\/\/shop_images\/mega-menu-1.jpg","banner_url_1":"shopify:\/\/collections\/blazero","show_product":true,"product_title":"Featured Products","product_collection":"naminos-dementus-a-dincidunto-5"}},"0e4cbbf3-fe5e-4e10-a837-c7651f114767":{"type":"megamenu_style_2","settings":{"layout_block":"custom_width","header_custom_width_size":1200,"item":"trend","column":3,"show_banner_1":true,"banner_1":"shopify:\/\/shop_images\/mega-menu-2.jpg","banner_url_1":"shopify:\/\/collections\/congue","show_banner_2":true,"banner_2":"shopify:\/\/shop_images\/mega-menu-3.jpg","banner_url_2":"shopify:\/\/collections\/cosmopolis","show_banner_3":true,"banner_3":"shopify:\/\/shop_images\/mega-menu-4.jpg","banner_url_3":"shopify:\/\/collections\/cosmopolitan"}},"4d022900-5ec2-41b0-89c1-edea75a13c28":{"type":"megamenu_style_3","settings":{"layout_block":"custom_width","header_custom_width_size":1200,"mega_tyle":"style1","item":"collections","column":5,"show_banner_1":true,"banner_1":"shopify:\/\/shop_images\/mega-menu-5-min.jpg","banner_url_1":"shopify:\/\/products\/dempus-lortis-cosmo-sapiendo","show_banner_2":true,"banner_2":"shopify:\/\/shop_images\/mega-menu-6-min.jpg","banner_url_2":"shopify:\/\/products\/dempus-lortis-cosmo-sapiendo-1","show_banner_3":true,"banner_3":"shopify:\/\/shop_images\/mega-menu-7-min.jpg","banner_url_3":"shopify:\/\/products\/dempus-lortis-cosmo-sapiendo-2","show_banner_4":true,"banner_4":"shopify:\/\/shop_images\/mega-menu-8-min.jpg","banner_url_4":"shopify:\/\/products\/dempus-lortis-cosmo-sapiendo-3","show_banner_5":true,"banner_5":"shopify:\/\/shop_images\/mega-menu-9-min.jpg","banner_url_5":"shopify:\/\/products\/dempus-an-lortis-tempus-sapiendos"}},"23b6fa6d-4f30-4a97-8dc1-2c516f8a7f0e":{"type":"megamenu_style_1","settings":{"layout_block":"custom_width","header_custom_width_size":1200,"item":"demo","column":5,"show_banner_1":false,"banner_url_1":"shopify:\/\/products\/dempus-lortis-cosmo-sapiendo-4","show_product":false,"product_title":"On Sale Products","product_collection":"dempus-an-lortis-tempus-sapiendos"}},"3d2520ed-30fc-4694-a7bd-8479ad2d6892":{"type":"megamenu_style_1","settings":{"layout_block":"custom_width","header_custom_width_size":1200,"item":"Theme Demo","column":5,"show_banner_1":false,"banner_url_1":"","show_product":false,"product_title":"Featured Products","product_collection":""}},"01014ccc-ffe5-4c78-b814-da3ff7d8b45c":{"type":"megamenu_style_1","settings":{"layout_block":"custom_width","header_custom_width_size":1200,"item":"Shop","column":4,"show_banner_1":false,"banner_url_1":"","show_product":false,"product_title":"Featured Products","product_collection":""}},"ec0f7e9f-1012-463e-a1fd-f9225f7f1cc3":{"type":"megamenu_style_1","settings":{"layout_block":"custom_width","header_custom_width_size":1200,"item":"Product","column":5,"show_banner_1":false,"banner_url_1":"","show_product":false,"product_title":"Featured Products","product_collection":""}}},"block_order":["sections--14682829619277__9c03747e-b054-4db8-8194-5a35c71f82ca-1680876693acfad79f-0","54786c97-e881-45f5-a30a-6fdb552a963e","sections--14682829619277__9c03747e-b054-4db8-8194-5a35c71f82ca-1680876693acfad79f-2","d3131109-9329-42fa-bbb5-d25d01fd698b","0e4cbbf3-fe5e-4e10-a837-c7651f114767","4d022900-5ec2-41b0-89c1-edea75a13c28","23b6fa6d-4f30-4a97-8dc1-2c516f8a7f0e","3d2520ed-30fc-4694-a7bd-8479ad2d6892","01014ccc-ffe5-4c78-b814-da3ff7d8b45c","ec0f7e9f-1012-463e-a1fd-f9225f7f1cc3"],"settings":{"container":"1170","padding_full_width":0,"header_navigation_bg":"#000000","header_navigation_bg_gradient":"","sticky_header_type":"on_scroll","sticky_header_width":"full","enable_transparent":false,"transparent_color":"#ffffff","transparent_color_hover":"#ffffff"}},"header-mobile":{"type":"header-mobile","blocks":{"7de2266e-0cd4-4fda-9f09-06f75a17f944":{"type":"menu","settings":{"color":"#232323"}},"163e2cb5-14f2-4af6-9ac3-77193c082f53":{"type":"search","settings":{"color":"#232323"}},"550fbd21-75fb-4051-9dee-77d91b5239f0":{"type":"logo","settings":{"logo_mobile":"shopify:\/\/shop_images\/ella-logo_200x_1284f203-aa88-4e7e-ad80-60803dbe55de.png","logo_width_mobile":65,"logo_text":"","logo_font_size":20,"logo_font_weight":"900","logo_text_transform":"uppercase","logo_color":"#232323"}},"20dae707-64c0-4ea3-a05e-561cae9836d8":{"type":"customer","settings":{"icon":"1","color":"#232323"}},"633f9dae-3f65-4bda-9ca8-9d3e231aaf9d":{"type":"cart","settings":{"icon":"2","color":"#232323","color_bubble":"#ffffff","bg_bubble":"#232323"}}},"block_order":["7de2266e-0cd4-4fda-9f09-06f75a17f944","163e2cb5-14f2-4af6-9ac3-77193c082f53","550fbd21-75fb-4051-9dee-77d91b5239f0","20dae707-64c0-4ea3-a05e-561cae9836d8","633f9dae-3f65-4bda-9ca8-9d3e231aaf9d"],"settings":{"background":"#ffffff","gradient":"","sticky_header_type":"on_scroll","padding_top":0,"padding_bottom":0}}},"order":["announcement-bar","header-classic","9c03747e-b054-4db8-8194-5a35c71f82ca","header-mobile"]}