{"sections":{"main":{"type":"main-about-2-page","blocks":{"d4bab6c1-ab4b-442b-8884-47890038f054":{"type":"content","settings":{"title":"","content":"Lorem ipsum dolor sit amet consectetur adipiscing elit. Quisque non nulla nulla de tincidunt risus morbi ultricies est ditae odio mmultrices.","content_max_width":550,"align":"center","content_text_color":"#ffffff"}}},"block_order":["d4bab6c1-ab4b-442b-8884-47890038f054"],"settings":{"show_breadcrumb":true,"breadcrumb_color":"#ffffff","breadcrumb_alignment":"center","show_page_title":true,"page_title_color":"#ffffff","page_title_alignment":"center","container":"full","side_padding_full_width":0,"about_bg_image":"shopify:\/\/shop_images\/about-bg-image.jpg","about_bg_image_height":270,"enable_parallax":true,"mg_top_desktop":0,"mg_top_tablet":0,"mg_top_mobile":0,"mg_bottom_desktop":0,"mg_bottom_tablet":0,"mg_bottom_mobile":0,"menu":"menu-page-about-us-2","menu_bar_background":"#fafafa","menu_bar_border":"rgba(0,0,0,0)","menu_item_background":"","menu_item_text_color":"#3c3c3c","menu_item_background_color_h":"","menu_item_text_color_h":"#232323"}},"1647318656cd128338":{"type":"rich-text","blocks":{"164731865614d84454-0":{"type":"heading","settings":{"heading":"BEHIND THE SCENE","heading_size":30,"heading_size_mb":24,"heading_color":"#232323"}}},"block_order":["164731865614d84454-0"],"settings":{"container":"container","padding_full_width":0,"enable_border_top":false,"enable_border_bottom":false,"color_border_bottom":"#e8e8e8","mg_top_desktop":60,"mg_top_tablet":50,"mg_top_mobile":35,"mg_bottom_desktop":60,"mg_bottom_tablet":40,"mg_bottom_mobile":35,"rich_text_bg":"#ffffff","rich_text_bg_gradient":""}},"16473179044a870c08":{"type":"image-banner","blocks":{"13ed6053-c1f6-4137-8015-8351a57b6514":{"type":"smallImg","settings":{"row_reverse":false,"image":"shopify:\/\/shop_images\/about-us-2-banner-1.jpg","small_img_block_style":"style_3","enable_divider":true,"divider_bg_color":"","content_spacing_right":50,"button_spacing_left":50,"button_pos_from_center":0,"content_pos_from_center":0,"divider_position_from_center":0,"small_banner_bg_color":"#fafafa","mg_bottom_icon":25,"sub_title":"","letter_spacing_sub_title":"","font_size_sub_title":14,"font_size_sub_title_mb":14,"margin_bottom_sub_title":14,"font_weight_sub_title":"700","sub_title_position":"sub_title_above","color_sub_title":"#232323","heading":"Our Mission","letter_spacing_heading":"","font_size_heading":24,"font_size_heading_mb":24,"margin_bottom_heading":22,"font_weight_heading":"600","color_heading":"#232323","text":"Nullam aliquet vestibulum augue non varius. Cras cosmo congue an melitos. Duis tristique del ante le maliquam praesent murna de tellus laoreet cosmopolis. Quisque hendrerit nibh an purus...","font_size_des":12,"font_size_des_mb":12,"line_height_des":24,"margin_bottom_des":42,"color_des":"#3c3c3c","content_width":475,"align":"center","video_link":"","adaptive_height_video":"56","icon_style":"style_1","color_icon":"#ffffff","bg_color_icon":"#000000","btn_text":"Explore","link":"","button_1_width":165,"enable_button_custom_border":false,"button_color":"#ffffff","button_border":"#232323","button_background":"#232323","button_background_gradient":"","button_color_hover":"#232323","button_border_hover":"#232323","button_background_hover":"#ffffff","button_background_gradient_hover":"","btn_2_text":"Shop Now","link_btn_2":"","button_2_width":235,"button_2_color":"#ffffff","button_2_border":"#232323","button_2_background":"#232323","button_2_background_gradient":"","button_2_color_hover":"#ffffff","button_2_border_hover":"#232323","button_2_background_hover":"#232323","button_2_background_gradient_hover":"","button_2_spacing_top":10}}},"block_order":["13ed6053-c1f6-4137-8015-8351a57b6514"],"settings":{"container":"1170","padding_full_width":0,"mg_top_desktop":0,"mg_top_tablet":0,"mg_top_mobile":0,"mg_bottom_desktop":100,"mg_bottom_tablet":20,"mg_bottom_mobile":10,"image_banner_title":"","enable_border_title":false,"color_title":"#202020","fontsize_title":24,"fontsize_title_mb":20,"margin_bottom_title":25,"image_banner_des":"","color_des":"#202020","fontsize_des":16,"title_align":"center","style_bg":"none","bg_color":"","bg_color_gradient":"","display_type":"slide","enable_arrows":false,"arrows_position":"","enable_dots":false,"enable_autoplay":false}},"16474839872eb210cf":{"type":"image-banner","blocks":{"ea48fb40-c5bc-4536-a283-4b32a72b4649":{"type":"smallImg","settings":{"row_reverse":true,"image":"shopify:\/\/shop_images\/our-story-about-2-banner-1.jpg","image_2":"shopify:\/\/shop_images\/about-us-2-banner-1.jpg","image_3":"shopify:\/\/shop_images\/our-approach-about-2-banner.jpg","small_img_block_style":"style_3","enable_divider":true,"divider_bg_color":"","content_spacing_right":50,"button_spacing_left":50,"button_pos_from_center":0,"content_pos_from_center":0,"divider_position_from_center":0,"small_banner_bg_color":"#fafafa","mg_bottom_icon":25,"sub_title":"","letter_spacing_sub_title":"","font_size_sub_title":14,"font_size_sub_title_mb":14,"margin_bottom_sub_title":14,"font_weight_sub_title":"700","sub_title_position":"sub_title_above","color_sub_title":"#232323","heading":"Our Story","letter_spacing_heading":"","font_size_heading":24,"font_size_heading_mb":24,"margin_bottom_heading":22,"font_weight_heading":"600","color_heading":"#232323","text":"Nullam aliquet vestibulum augue non varius. Cras cosmo congue an melitos. Duis tristique del ante le maliquam praesent murna de tellus laoreet cosmopolis. Quisque hendrerit nibh an purus...","font_size_des":12,"font_size_des_mb":12,"line_height_des":24,"margin_bottom_des":42,"color_des":"#3c3c3c","content_width":475,"align":"center","video_link":"","adaptive_height_video":"56","icon_style":"style_1","color_icon":"#ffffff","bg_color_icon":"#000000","btn_text":"Explore","link":"","button_1_width":165,"enable_button_custom_border":false,"button_color":"#ffffff","button_border":"#232323","button_background":"#232323","button_background_gradient":"","button_color_hover":"#232323","button_border_hover":"#232323","button_background_hover":"#ffffff","button_background_gradient_hover":"","btn_2_text":"Shop Now","link_btn_2":"","button_2_width":235,"button_2_color":"#ffffff","button_2_border":"#232323","button_2_background":"#232323","button_2_background_gradient":"","button_2_color_hover":"#232323","button_2_border_hover":"#232323","button_2_background_hover":"#ffffff","button_2_background_gradient_hover":"","button_2_spacing_top":10}}},"block_order":["ea48fb40-c5bc-4536-a283-4b32a72b4649"],"settings":{"container":"1170","padding_full_width":0,"mg_top_desktop":0,"mg_top_tablet":0,"mg_top_mobile":0,"mg_bottom_desktop":100,"mg_bottom_tablet":20,"mg_bottom_mobile":10,"image_banner_title":"","enable_border_title":false,"color_title":"#202020","fontsize_title":24,"fontsize_title_mb":20,"margin_bottom_title":25,"image_banner_des":"","color_des":"#202020","fontsize_des":16,"title_align":"center","style_bg":"none","bg_color":"","bg_color_gradient":"","display_type":"slide","enable_arrows":false,"arrows_position":"","enable_dots":false,"enable_autoplay":false}},"1647339296880bf6ed":{"type":"image-banner","blocks":{"22b86d0a-5cd4-489f-8b7e-eeebc28d9cb9":{"type":"smallImg","settings":{"row_reverse":false,"image":"shopify:\/\/shop_images\/our-approach-about-2-banner.jpg","small_img_block_style":"style_3","enable_divider":true,"divider_bg_color":"#232323","content_spacing_right":50,"button_spacing_left":50,"button_pos_from_center":0,"content_pos_from_center":0,"divider_position_from_center":0,"small_banner_bg_color":"#fafafa","mg_bottom_icon":25,"sub_title":"","letter_spacing_sub_title":"","font_size_sub_title":14,"font_size_sub_title_mb":14,"margin_bottom_sub_title":14,"font_weight_sub_title":"700","sub_title_position":"sub_title_above","color_sub_title":"#232323","heading":"Our Approach","letter_spacing_heading":"","font_size_heading":24,"font_size_heading_mb":24,"margin_bottom_heading":22,"font_weight_heading":"600","color_heading":"#232323","text":"Nullam aliquet vestibulum augue non varius. Cras cosmo congue an melitos. Duis tristique del ante le maliquam praesent murna de tellus laoreet cosmopolis. Quisque hendrerit nibh an purus...","font_size_des":12,"font_size_des_mb":12,"line_height_des":24,"margin_bottom_des":42,"color_des":"#3c3c3c","content_width":475,"align":"center","video_link":"","adaptive_height_video":"56","icon_style":"style_1","color_icon":"#ffffff","bg_color_icon":"#000000","btn_text":"Explore","link":"","button_1_width":165,"enable_button_custom_border":false,"button_color":"#ffffff","button_border":"#232323","button_background":"#232323","button_background_gradient":"","button_color_hover":"#232323","button_border_hover":"#232323","button_background_hover":"#ffffff","button_background_gradient_hover":"","btn_2_text":"Shop Now","link_btn_2":"","button_2_width":235,"button_2_color":"#ffffff","button_2_border":"#232323","button_2_background":"#232323","button_2_background_gradient":"","button_2_color_hover":"#232323","button_2_border_hover":"#232323","button_2_background_hover":"#ffffff","button_2_background_gradient_hover":"","button_2_spacing_top":10}}},"block_order":["22b86d0a-5cd4-489f-8b7e-eeebc28d9cb9"],"settings":{"container":"1170","padding_full_width":0,"mg_top_desktop":0,"mg_top_tablet":0,"mg_top_mobile":0,"mg_bottom_desktop":70,"mg_bottom_tablet":20,"mg_bottom_mobile":15,"image_banner_title":"","enable_border_title":false,"color_title":"#202020","fontsize_title":24,"fontsize_title_mb":20,"margin_bottom_title":25,"image_banner_des":"","color_des":"#202020","fontsize_des":16,"title_align":"center","style_bg":"none","bg_color":"","bg_color_gradient":"","display_type":"slide","enable_arrows":false,"arrows_position":"","enable_dots":false,"enable_autoplay":false}},"1647480389497d7c43":{"type":"custom-service-block","blocks":{"4fa051b7-7efe-4fea-ba27-4589826d875a":{"type":"Text","settings":{"bg_color_block":"#ffffff","border_block":"#ffffff","icon_type":"image","image":"shopify:\/\/shop_images\/contributor-image-1.jpg","icon":"","width_icon":64,"height_icon":64,"mg_bottom_icon":30,"color_icon":"#3c3c3c","text":"Annie.L","type_tab_font":"font_1","fontsize_title_block":18,"fontsize_title_block_mb":18,"title_block_font_weight":"700","mg_bottom_title":9,"mg_bottom_title_mb":0,"color_block":"#232323","description":"MANAGING DIRECTOR","fontsize_des_block":12,"fontsize_des_block_mb":12,"lineheight_des_block":22,"mg_bottom_des":0,"color_des_block":"#3c3c3c","button":"","link":"","button_style":"style1","fontsize_button":14,"button_width":235,"fontweight_button":"500","enable_underline_button":false,"color_button":"#ba7a2d","button_border":"","button_background":"","button_background_gradient":"","button_color_hover":"#ba7a2d","button_border_hover":"","button_background_hover":"","button_background_gradient_hover":""}},"a9a9a3e7-2abf-42fc-ae34-4fa2b26e0e49":{"type":"Text","settings":{"bg_color_block":"#ffffff","border_block":"#ffffff","icon_type":"image","image":"shopify:\/\/shop_images\/contributor-image-2.jpg","icon":"","width_icon":64,"height_icon":64,"mg_bottom_icon":30,"color_icon":"#3c3c3c","text":"Monica.B","type_tab_font":"font_1","fontsize_title_block":18,"fontsize_title_block_mb":18,"title_block_font_weight":"700","mg_bottom_title":9,"mg_bottom_title_mb":0,"color_block":"#232323","description":"ART DIRECTOR","fontsize_des_block":12,"fontsize_des_block_mb":12,"lineheight_des_block":22,"mg_bottom_des":0,"color_des_block":"#3c3c3c","button":"","link":"","button_style":"style1","fontsize_button":14,"button_width":235,"fontweight_button":"500","enable_underline_button":false,"color_button":"#ba7a2d","button_border":"","button_background":"","button_background_gradient":"","button_color_hover":"#ba7a2d","button_border_hover":"","button_background_hover":"","button_background_gradient_hover":""}},"eac608dc-3f8e-4e87-afc3-6cb030cd1414":{"type":"Text","settings":{"bg_color_block":"#ffffff","border_block":"#ffffff","icon_type":"image","image":"shopify:\/\/shop_images\/contributor-image-3.jpg","icon":"","width_icon":64,"height_icon":64,"mg_bottom_icon":30,"color_icon":"#3c3c3c","text":"Tracy. Ng","type_tab_font":"font_1","fontsize_title_block":18,"fontsize_title_block_mb":18,"title_block_font_weight":"700","mg_bottom_title":9,"mg_bottom_title_mb":0,"color_block":"#232323","description":"FASHION DESIGNER","fontsize_des_block":12,"fontsize_des_block_mb":12,"lineheight_des_block":22,"mg_bottom_des":0,"color_des_block":"#3c3c3c","button":"","link":"","button_style":"style1","fontsize_button":14,"button_width":235,"fontweight_button":"500","enable_underline_button":false,"color_button":"#ba7a2d","button_border":"","button_background":"","button_background_gradient":"","button_color_hover":"#ba7a2d","button_border_hover":"","button_background_hover":"","button_background_gradient_hover":""}}},"block_order":["4fa051b7-7efe-4fea-ba27-4589826d875a","a9a9a3e7-2abf-42fc-ae34-4fa2b26e0e49","eac608dc-3f8e-4e87-afc3-6cb030cd1414"],"settings":{"container":"1170","padding_full_width":15,"display_border_top":false,"display_border_bottom":false,"border_color":"#d0d0d0","service_block_swipe_on_mobile":"slider","color_icon_slider":"#212121","service_block_style":"style_1","mg_top_desktop":45,"mg_top_tablet":0,"mg_top_mobile":20,"mg_bottom_desktop":0,"mg_bottom_tablet":0,"mg_bottom_mobile":0,"policies_bg":"#ffffff","policies_bg_gradient":"","service_block_title":"MEET THE TEAM","enable_border_title":false,"color_title":"#232323","fontsize_title":24,"fontsize_title_mb":20,"mg_bottom_title_service_block":26,"mg_bottom_title_service_block_mb":0,"service_block_des":"<span>Cosmo lacus meleifend menean diverra loremous. Nullam sit amet orci rutrum risus laoreet semper vel non magna. <br>Mauris vel sem a lectus vehicula ultricies. Etiam semper sollicitudin lectus indous scelerisque.<\/span>","service_block_des_pos":"top","color_des":"#3c3c3c","fontsize_des":12,"mg_top_service_block_des":20,"mg_bottom_service_block_des":40,"view_all":"","view_all_align":"center","font_weight_view_all":"400","mg_bottom_view":30,"enable_border_view_all":true,"link_view_all":"","color_view_all":"#3c3c3c","icon_view_all":"","color_view_all_icon":"#eb492f","title_align":"center","item_width":"full_width","border_item":"none","enable_item_distance":true,"enable_hover_box_shadow":false,"enable_hover_effects_top":false,"item_padding_top":13,"item_padding_bottom":13,"item_padding_left_right":0,"item_radius":4,"grid_gap":30}}},"order":["main","1647318656cd128338","16473179044a870c08","16474839872eb210cf","1647339296880bf6ed","1647480389497d7c43"]}